case,time,cost
case,time,cost
warehouse_81.txt, 15.479429721832275, 376
warehouse_43.txt, 66.3520040512085, 63
warehouse_57.txt, 1.1874699592590332, 60
